Chongqing,China,East Asia
Shanghai,China,East Asia
Beijing,China,East Asia
Karachi,Pakistan,Asia
Istanbul,Turkey,Middle East
Dhaka,Bangladesh,Asia
Tokyo,Japan,East Asia
Moscow,Russian Federation,Europe
Guangzhou,China,East Asia
Shenzhen,China,East Asia
Mumbai,India,Asia
Sao Paulo,Brazil,Latin America
Kinshasa,Democratic Republic of Congo,Africa
Tianjin,China,East Asia
Lahore,Pakistan,Asia
Delhi,India,Asia
Jakarta,Indonesia,Southeast Asia
Dongguan,China,East Asia
Seoul,South Korea,East Asia
Foshan,China,East Asia
Chengdu,China,East Asia
Lima,Peru,Latin America
Mexico City,Mexico,Latin America
Tehran,Iran,Middle East
London,United Kingdom,Europe
Bangalore,India,Asia
New York,United States,North America
Shenyang,China,East Asia
Wuhan,China,East Asia
Bogota,Colombia,Latin America
Ningbo,China,East Asia
Cairo,Egypt,Africa
Ho Chi Minh City,Vietnam,Southeast Asia
Hong Kong,China,East Asia
Nanjing,China,East Asia
Hanoi,Vietnam,Southeast Asia
Changsha,China,East Asia
Hangzhou,China,East Asia
Hyderabad,India,Asia
Baghdad,Iraq,Middle East
Chennai,India,Asia
Riyadh,Saudi Arabia,Middle East
Rio de Janeiro,Brazil,Latin America
Xian,China,East Asia
Suzhou,China,East Asia
Bangkok,Thailand,Southeast Asia
Singapore,Singapore,Southeast Asia
Ahmedabad,India,Asia
Santiago,Chile,Latin America
Shantou,China,East Asia
Saint Petersburg,Russian Federation,Europe
Harbin,China,East Asia
Dar es Salaam,Tanzania,Africa
Yangon,Myanmar,Southeast Asia
Johannesburg,South Africa,Africa
Abidjan,Ivory Coast,Africa
Alexandria,Egypt,Middle East
Kolkata,India,Asia
Ankara,Turkey,Middle East
Surat,India,Asia
Giza,Egypt,Middle East
Zhengzhou,China,East Asia
Los Angeles,United States,North America
New Taipei City,Taiwan,East Asia
Cape Town,South Africa,Africa
Yokohama,Japan,East Asia
Berlin,Germany,Europe
Busan,South Korea,East Asia
Xiamen,China,East Asia
Jeddah,Saudi Arabia,Middle East
Durban,South Africa,Africa
Kabul,Afghanistan,Asia
Casablanca,Morocco,Africa
Hefei,China,East Asia
Pyongyang,North Korea,East Asia
Madrid,Spain,Europe
Faisalabad,Pakistan,Asia
Ekurhuleni,South Africa,Africa
Nairobi,Kenya,Africa
Zhongshan,China,East Asia
Pune,India,Asia
Addis Ababa,Ethiopia,Africa
Jaipur,India,Asia
Buenos Aires,Argentina,Latin America
Wenzhou,China,East Asia
Incheon,South Korea,East Asia